[{"country":"tt","city":"Adelphi","coordinates":{"lat":"11.2","long":"-60.7166667"}},{"country":"tt","city":"Adventure","coordinates":{"lat":"11.2166667","long":"-60.7666667"}},{"country":"tt","city":"Agostini","coordinates":{"lat":"10.4833333","long":"-61.4"}},{"country":"tt","city":"Anse Fourmi","coordinates":{"lat":"11.3","long":"-60.6166667"}},{"country":"tt","city":"Anse Noire","coordinates":{"lat":"10.8333333","long":"-60.9666667"}},{"country":"tt","city":"Arden","coordinates":{"lat":"11.2666667","long":"-60.5833333"}},{"country":"tt","city":"Arima","coordinates":{"lat":"10.6333333","long":"-61.2833333"}},{"country":"tt","city":"Arnos Vale","coordinates":{"lat":"11.2166667","long":"-60.75"}},{"country":"tt","city":"Arouca","coordinates":{"lat":"10.6333333","long":"-61.3333333"}},{"country":"tt","city":"Arouca Village","coordinates":{"lat":"10.6333333","long":"-61.3333333"}},{"country":"tt","city":"Auchenskeoch","coordinates":{"lat":"11.15","long":"-60.7666667"}},{"country":"tt","city":"Avocat","coordinates":{"lat":"10.2","long":"-61.5333333"}},{"country":"tt","city":"Bacolet","coordinates":{"lat":"11.1666667","long":"-60.7166667"}},{"country":"tt","city":"Bakhen","coordinates":{"lat":"10.1666667","long":"-61.45"}},{"country":"tt","city":"Balmain","coordinates":{"lat":"10.4166667","long":"-61.4333333"}},{"country":"tt","city":"Balmain Village","coordinates":{"lat":"10.4166667","long":"-61.4333333"}},{"country":"tt","city":"Bamboo","coordinates":{"lat":"10.0833333","long":"-61.8333333"}},{"country":"tt","city":"Bamboo Village","coordinates":{"lat":"10.0833333","long":"-61.8333333"}},{"country":"tt","city":"Barataria","coordinates":{"lat":"10.65","long":"-61.4666667"}},{"country":"tt","city":"Barrackpore","coordinates":{"lat":"10.2","long":"-61.4"}},{"country":"tt","city":"Barrackpore Settlement","coordinates":{"lat":"10.2","long":"-61.4"}},{"country":"tt","city":"Basse Terre","coordinates":{"lat":"10.1333333","long":"-61.3"}},{"country":"tt","city":"Basseterre Village","coordinates":{"lat":"10.1333333","long":"-61.3"}},{"country":"tt","city":"Belle Garden","coordinates":{"lat":"11.2166667","long":"-60.6"}},{"country":"tt","city":"Belmont","coordinates":{"lat":"10.6666667","long":"-61.5"}},{"country":"tt","city":"Belmont","coordinates":{"lat":"11.3","long":"-60.5333333"}},{"country":"tt","city":"Bethel","coordinates":{"lat":"11.1833333","long":"-60.7833333"}},{"country":"tt","city":"Biche","coordinates":{"lat":"10.4333333","long":"-61.1333333"}},{"country":"tt","city":"Biche Village","coordinates":{"lat":"10.4333333","long":"-61.1333333"}},{"country":"tt","city":"Black Rock","coordinates":{"lat":"11.2","long":"-60.7833333"}},{"country":"tt","city":"Blanchisseuse","coordinates":{"lat":"10.7833333","long":"-61.3"}},{"country":"tt","city":"Blanchisseuse Village","coordinates":{"lat":"10.7833333","long":"-61.3"}},{"country":"tt","city":"Boissière","coordinates":{"lat":"10.6666667","long":"-61.5166667"}},{"country":"tt","city":"Boissiere Village","coordinates":{"lat":"10.6666667","long":"-61.5166667"}},{"country":"tt","city":"Bon Accord","coordinates":{"lat":"11.15","long":"-60.8333333"}},{"country":"tt","city":"Bon Accord Village","coordinates":{"lat":"11.15","long":"-60.8333333"}},{"country":"tt","city":"Bonasse","coordinates":{"lat":"10.0833333","long":"-61.8666667"}},{"country":"tt","city":"Bonasse Village","coordinates":{"lat":"10.0833333","long":"-61.8666667"}},{"country":"tt","city":"Bonne Aventure","coordinates":{"lat":"10.3333333","long":"-61.4"}},{"country":"tt","city":"Bonne Terre","coordinates":{"lat":"10.3","long":"-61.3"}},{"country":"tt","city":"Bonne Terre Village","coordinates":{"lat":"10.3","long":"-61.3"}},{"country":"tt","city":"Brasso","coordinates":{"lat":"10.4","long":"-61.3166667"}},{"country":"tt","city":"Brasso Caparo Village","coordinates":{"lat":"10.4166667","long":"-61.3166667"}},{"country":"tt","city":"Brasso Piedra","coordinates":{"lat":"10.4333333","long":"-61.3166667"}},{"country":"tt","city":"Brasso Seco Village","coordinates":{"lat":"10.7333333","long":"-61.2666667"}},{"country":"tt","city":"Brasso Venado","coordinates":{"lat":"10.4166667","long":"-61.2666667"}},{"country":"tt","city":"Brasso Village","coordinates":{"lat":"10.4","long":"-61.3166667"}},{"country":"tt","city":"Brazil","coordinates":{"lat":"10.55","long":"-61.2666667"}},{"country":"tt","city":"Brickfield","coordinates":{"lat":"10.4833333","long":"-61.4666667"}},{"country":"tt","city":"Brickfield","coordinates":{"lat":"10.3333333","long":"-61.2666667"}},{"country":"tt","city":"Brighton","coordinates":{"lat":"10.25","long":"-61.6333333"}},{"country":"tt","city":"Bronte","coordinates":{"lat":"10.2166667","long":"-61.4"}},{"country":"tt","city":"Buccoo","coordinates":{"lat":"11.1666667","long":"-60.8"}},{"country":"tt","city":"Buen Intento","coordinates":{"lat":"10.2833333","long":"-61.3666667"}},{"country":"tt","city":"Buen Intento Village","coordinates":{"lat":"10.2833333","long":"-61.3666667"}},{"country":"tt","city":"Buenos Aires","coordinates":{"lat":"10.1","long":"-61.6833333"}},{"country":"tt","city":"Buenos Ayres","coordinates":{"lat":"10.1","long":"-61.6833333"}},{"country":"tt","city":"Busy Corner","coordinates":{"lat":"10.3","long":"-61.2833333"}},{"country":"tt","city":"Busy Corner Village","coordinates":{"lat":"10.3","long":"-61.2833333"}},{"country":"tt","city":"Butler","coordinates":{"lat":"10.4666667","long":"-61.45"}},{"country":"tt","city":"Cacandee Settlement","coordinates":{"lat":"10.55","long":"-61.4333333"}},{"country":"tt","city":"Caigual","coordinates":{"lat":"10.55","long":"-61.0666667"}},{"country":"tt","city":"Calcutta Settlement","coordinates":{"lat":"10.4333333","long":"-61.4333333"}},{"country":"tt","city":"Calder Hall","coordinates":{"lat":"11.1833333","long":"-60.7333333"}},{"country":"tt","city":"California","coordinates":{"lat":"10.4","long":"-61.4666667"}},{"country":"tt","city":"California Village","coordinates":{"lat":"10.4","long":"-61.4666667"}},{"country":"tt","city":"Cambleton","coordinates":{"lat":"11.3166667","long":"-60.55"}},{"country":"tt","city":"Cameron","coordinates":{"lat":"10.7166667","long":"-61.55"}},{"country":"tt","city":"Campbeltown","coordinates":{"lat":"11.3166667","long":"-60.55"}},{"country":"tt","city":"Canaan","coordinates":{"lat":"11.15","long":"-60.8166667"}},{"country":"tt","city":"Canaan","coordinates":{"lat":"10.25","long":"-61.4666667"}},{"country":"tt","city":"Cantaro","coordinates":{"lat":"10.7","long":"-61.4666667"}},{"country":"tt","city":"Cantaro Village","coordinates":{"lat":"10.7","long":"-61.4666667"}},{"country":"tt","city":"Caparo","coordinates":{"lat":"10.45","long":"-61.3333333"}},{"country":"tt","city":"Cap-de-Ville","coordinates":{"lat":"10.15","long":"-61.7"}},{"country":"tt","city":"Cape-de-Ville","coordinates":{"lat":"10.15","long":"-61.7"}},{"country":"tt","city":"Carapichaima","coordinates":{"lat":"10.4666667","long":"-61.45"}},{"country":"tt","city":"Carapo","coordinates":{"lat":"10.5833333","long":"-61.2833333"}},{"country":"tt","city":"Caratal","coordinates":{"lat":"10.35","long":"-61.4166667"}},{"country":"tt","city":"Cardiff","coordinates":{"lat":"11.2333333","long":"-60.6333333"}},{"country":"tt","city":"Carenage","coordinates":{"lat":"10.6833333","long":"-61.6"}},{"country":"tt","city":"Carmichael","coordinates":{"lat":"10.4833333","long":"-61.2"}},{"country":"tt","city":"Carnbee Village","coordinates":{"lat":"11.1666667","long":"-60.7833333"}},{"country":"tt","city":"Caroni","coordinates":{"lat":"10.6","long":"-61.3833333"}},{"country":"tt","city":"Castara","coordinates":{"lat":"11.2833333","long":"-60.6833333"}},{"country":"tt","city":"Caura","coordinates":{"lat":"10.7166667","long":"-61.35"}},{"country":"tt","city":"Centento","coordinates":{"lat":"10.5833333","long":"-61.3166667"}},{"country":"tt","city":"Chaguanas","coordinates":{"lat":"10.5166667","long":"-61.4166667"}},{"country":"tt","city":"Chaguanas Village","coordinates":{"lat":"10.5166667","long":"-61.4166667"}},{"country":"tt","city":"Chaguaramas","coordinates":{"lat":"10.6833333","long":"-61.6333333"}},{"country":"tt","city":"Chandernagore Settlement","coordinates":{"lat":"10.4833333","long":"-61.4333333"}},{"country":"tt","city":"Charlotteville","coordinates":{"lat":"11.3166667","long":"-60.55"}},{"country":"tt","city":"Charuma","coordinates":{"lat":"10.4","long":"-61.15"}},{"country":"tt","city":"Chase","coordinates":{"lat":"10.4666667","long":"-61.4166667"}},{"country":"tt","city":"Chase Village","coordinates":{"lat":"10.4666667","long":"-61.4166667"}},{"country":"tt","city":"Chatham","coordinates":{"lat":"10.0833333","long":"-61.7333333"}},{"country":"tt","city":"Cheeyou","coordinates":{"lat":"10.55","long":"-61.1333333"}},{"country":"tt","city":"Chickland","coordinates":{"lat":"10.4166667","long":"-61.3833333"}},{"country":"tt","city":"Chin Chin Savanna Village","coordinates":{"lat":"10.5666667","long":"-61.3333333"}},{"country":"tt","city":"Cinnamon Hill","coordinates":{"lat":"11.2","long":"-60.7166667"}},{"country":"tt","city":"Cipero-Sainte Croix","coordinates":{"lat":"10.2166667","long":"-61.3833333"}},{"country":"tt","city":"City of Port-of-Spain","coordinates":{"lat":"10.65","long":"-61.5166667"}},{"country":"tt","city":"Claxton Bay","coordinates":{"lat":"10.35","long":"-61.4666667"}},{"country":"tt","city":"Claxton Bay Village","coordinates":{"lat":"10.35","long":"-61.4666667"}},{"country":"tt","city":"Cochrane","coordinates":{"lat":"10.1833333","long":"-61.6333333"}},{"country":"tt","city":"Coco","coordinates":{"lat":"10.6833333","long":"-61.5833333"}},{"country":"tt","city":"Cocorite","coordinates":{"lat":"10.6666667","long":"-61.55"}},{"country":"tt","city":"Coffee","coordinates":{"lat":"10.2666667","long":"-61.45"}},{"country":"tt","city":"Colconda","coordinates":{"lat":"10.25","long":"-61.4333333"}},{"country":"tt","city":"Comparo","coordinates":{"lat":"10.5333333","long":"-61.0666667"}},{"country":"tt","city":"Concord","coordinates":{"lat":"10.2333333","long":"-61.4833333"}},{"country":"tt","city":"Concordia","coordinates":{"lat":"11.2","long":"-60.7333333"}},{"country":"tt","city":"Coolie Block","coordinates":{"lat":"10.7333333","long":"-61.55"}},{"country":"tt","city":"Corbeaux Town","coordinates":{"lat":"10.65","long":"-61.5166667"}},{"country":"tt","city":"Coromandel Settlement","coordinates":{"lat":"10.1","long":"-61.8"}},{"country":"tt","city":"Coryal","coordinates":{"lat":"10.4833333","long":"-61.4333333"}},{"country":"tt","city":"Coryal","coordinates":{"lat":"10.5","long":"-61.1833333"}},{"country":"tt","city":"Courland","coordinates":{"lat":"11.2","long":"-60.7666667"}},{"country":"tt","city":"Couva","coordinates":{"lat":"10.4166667","long":"-61.45"}},{"country":"tt","city":"Couva Savannah Village","coordinates":{"lat":"10.4166667","long":"-61.45"}},{"country":"tt","city":"Cove","coordinates":{"lat":"11.1333333","long":"-60.8"}},{"country":"tt","city":"Cuche","coordinates":{"lat":"10.3666667","long":"-61.1666667"}},{"country":"tt","city":"Culloden","coordinates":{"lat":"11.2333333","long":"-60.7333333"}},{"country":"tt","city":"Cumaca","coordinates":{"lat":"10.7","long":"-61.15"}},{"country":"tt","city":"Cumberbatch","coordinates":{"lat":"10.5","long":"-61.4"}},{"country":"tt","city":"Cumuto","coordinates":{"lat":"10.5833333","long":"-61.2"}},{"country":"tt","city":"Cumuto Village","coordinates":{"lat":"10.5833333","long":"-61.2"}},{"country":"tt","city":"Cunapo","coordinates":{"lat":"10.5833333","long":"-61.1333333"}},{"country":"tt","city":"Cunapo","coordinates":{"lat":"10.6","long":"-61.25"}},{"country":"tt","city":"Cunaripa","coordinates":{"lat":"10.55","long":"-61.1666667"}},{"country":"tt","city":"Cunupia","coordinates":{"lat":"10.55","long":"-61.3666667"}},{"country":"tt","city":"Cunupia Village","coordinates":{"lat":"10.55","long":"-61.3666667"}},{"country":"tt","city":"Curepe","coordinates":{"lat":"10.6333333","long":"-61.4"}},{"country":"tt","city":"Curepe Village","coordinates":{"lat":"10.6333333","long":"-61.4"}},{"country":"tt","city":"Curucaye","coordinates":{"lat":"10.6666667","long":"-61.45"}},{"country":"tt","city":"Dabadie","coordinates":{"lat":"10.6166667","long":"-61.3166667"}},{"country":"tt","city":"Dabadie Village","coordinates":{"lat":"10.6166667","long":"-61.3166667"}},{"country":"tt","city":"Débé","coordinates":{"lat":"10.2","long":"-61.45"}},{"country":"tt","city":"Débé Village","coordinates":{"lat":"10.2","long":"-61.45"}},{"country":"tt","city":"Delaford","coordinates":{"lat":"11.2666667","long":"-60.5666667"}},{"country":"tt","city":"Delhi Settlement","coordinates":{"lat":"10.1833333","long":"-61.55"}},{"country":"tt","city":"Diamond","coordinates":{"lat":"10.3666667","long":"-61.4333333"}},{"country":"tt","city":"Diamond","coordinates":{"lat":"11.1666667","long":"-60.7666667"}},{"country":"tt","city":"Diamond","coordinates":{"lat":"10.2333333","long":"-61.4333333"}},{"country":"tt","city":"Diamond Village","coordinates":{"lat":"10.2333333","long":"-61.4333333"}},{"country":"tt","city":"Dibe","coordinates":{"lat":"10.6833333","long":"-61.5333333"}},{"country":"tt","city":"Diego Martin","coordinates":{"lat":"10.7166667","long":"-61.5666667"}},{"country":"tt","city":"Diego Martin Village","coordinates":{"lat":"10.7166667","long":"-61.5666667"}},{"country":"tt","city":"Dinsley","coordinates":{"lat":"10.6333333","long":"-61.35"}},{"country":"tt","city":"Dow","coordinates":{"lat":"10.4","long":"-61.45"}},{"country":"tt","city":"Dowe","coordinates":{"lat":"10.4","long":"-61.45"}},{"country":"tt","city":"Dow Village","coordinates":{"lat":"10.4","long":"-61.45"}},{"country":"tt","city":"Duncan","coordinates":{"lat":"10.25","long":"-61.45"}},{"country":"tt","city":"Earthigg","coordinates":{"lat":"10.6666667","long":"-61.5"}},{"country":"tt","city":"East Dry River","coordinates":{"lat":"10.65","long":"-61.5"}},{"country":"tt","city":"Easterfield","coordinates":{"lat":"11.2166667","long":"-60.6833333"}},{"country":"tt","city":"Ecclesville","coordinates":{"lat":"10.3166667","long":"-61.1333333"}},{"country":"tt","city":"Ecclesville Village","coordinates":{"lat":"10.3166667","long":"-61.1333333"}},{"country":"tt","city":"Eckel Village","coordinates":{"lat":"10.3166667","long":"-61.3833333"}},{"country":"tt","city":"Eckel Ville","coordinates":{"lat":"10.3166667","long":"-61.3833333"}},{"country":"tt","city":"El Dorado","coordinates":{"lat":"10.6333333","long":"-61.3833333"}},{"country":"tt","city":"El Quemado","coordinates":{"lat":"10.4833333","long":"-61.25"}},{"country":"tt","city":"El Socorro","coordinates":{"lat":"10.65","long":"-61.45"}},{"country":"tt","city":"Englishman's Bay","coordinates":{"lat":"11.2833333","long":"-60.6833333"}},{"country":"tt","city":"Enterprise","coordinates":{"lat":"10.5166667","long":"-61.3833333"}},{"country":"tt","city":"Erin","coordinates":{"lat":"10.0666667","long":"-61.6666667"}},{"country":"tt","city":"Erthig","coordinates":{"lat":"10.6666667","long":"-61.5"}},{"country":"tt","city":"Esperance","coordinates":{"lat":"10.2333333","long":"-61.45"}},{"country":"tt","city":"Esperance Village","coordinates":{"lat":"10.2333333","long":"-61.45"}},{"country":"tt","city":"Exchange","coordinates":{"lat":"10.4166667","long":"-61.45"}},{"country":"tt","city":"Exchange Village","coordinates":{"lat":"10.4166667","long":"-61.45"}},{"country":"tt","city":"Fébeau","coordinates":{"lat":"10.65","long":"-61.45"}},{"country":"tt","city":"Felicity Hall","coordinates":{"lat":"10.45","long":"-61.4666667"}},{"country":"tt","city":"Fifth Company","coordinates":{"lat":"10.2333333","long":"-61.3333333"}},{"country":"tt","city":"Filette","coordinates":{"lat":"10.8","long":"-61.3666667"}},{"country":"tt","city":"Filette Village","coordinates":{"lat":"10.8","long":"-61.3666667"}},{"country":"tt","city":"Fillette","coordinates":{"lat":"10.8","long":"-61.3666667"}},{"country":"tt","city":"Flanagin Town","coordinates":{"lat":"10.4166667","long":"-61.3166667"}},{"country":"tt","city":"Florida","coordinates":{"lat":"11.25","long":"-60.6"}},{"country":"tt","city":"Fonrose","coordinates":{"lat":"10.2833333","long":"-61.2333333"}},{"country":"tt","city":"Fonrose Village","coordinates":{"lat":"10.2833333","long":"-61.2333333"}},{"country":"tt","city":"Forres Park","coordinates":{"lat":"10.3666667","long":"-61.4333333"}},{"country":"tt","city":"Four Roads","coordinates":{"lat":"10.4833333","long":"-61.2166667"}},{"country":"tt","city":"Four Roads","coordinates":{"lat":"10.6833333","long":"-61.55"}},{"country":"tt","city":"Four Roads Village","coordinates":{"lat":"10.4833333","long":"-61.2166667"}},{"country":"tt","city":"Fourth Company","coordinates":{"lat":"10.2333333","long":"-61.3333333"}},{"country":"tt","city":"Francique Village","coordinates":{"lat":"10.0666667","long":"-61.6666667"}},{"country":"tt","city":"Franklyns","coordinates":{"lat":"11.2166667","long":"-60.75"}},{"country":"tt","city":"Frederick Village","coordinates":{"lat":"10.6","long":"-61.4"}},{"country":"tt","city":"Freeport","coordinates":{"lat":"10.45","long":"-61.4166667"}},{"country":"tt","city":"Friendsfield","coordinates":{"lat":"11.1833333","long":"-60.7"}},{"country":"tt","city":"Friendship","coordinates":{"lat":"10.3833333","long":"-61.4666667"}},{"country":"tt","city":"Friendship","coordinates":{"lat":"11.1333333","long":"-60.8"}},{"country":"tt","city":"Fullarton","coordinates":{"lat":"10.0833333","long":"-61.8833333"}},{"country":"tt","city":"Fyzabad","coordinates":{"lat":"10.1833333","long":"-61.55"}},{"country":"tt","city":"Fyzabad Village","coordinates":{"lat":"10.1833333","long":"-61.55"}},{"country":"tt","city":"Gasparillo","coordinates":{"lat":"10.3166667","long":"-61.4166667"}},{"country":"tt","city":"Gasparillo Village","coordinates":{"lat":"10.3166667","long":"-61.4166667"}},{"country":"tt","city":"George Village","coordinates":{"lat":"10.2833333","long":"-61.3166667"}},{"country":"tt","city":"Glamorgan","coordinates":{"lat":"11.2166667","long":"-60.6166667"}},{"country":"tt","city":"Golconda","coordinates":{"lat":"10.25","long":"-61.4333333"}},{"country":"tt","city":"Golden Grove","coordinates":{"lat":"11.1666667","long":"-60.8166667"}},{"country":"tt","city":"Golden Lane","coordinates":{"lat":"11.2333333","long":"-60.7166667"}},{"country":"tt","city":"Goldsborough","coordinates":{"lat":"11.2","long":"-60.6166667"}},{"country":"tt","city":"Goodwood","coordinates":{"lat":"11.2","long":"-60.6333333"}},{"country":"tt","city":"Gordon Settlement","coordinates":{"lat":"10.3","long":"-61.4"}},{"country":"tt","city":"Grafton","coordinates":{"lat":"11.1833333","long":"-60.7833333"}},{"country":"tt","city":"Gran Couva","coordinates":{"lat":"10.4","long":"-61.3666667"}},{"country":"tt","city":"Grande Riviere","coordinates":{"lat":"10.8333333","long":"-61.05"}},{"country":"tt","city":"Grande Riviere Village","coordinates":{"lat":"10.8333333","long":"-61.05"}},{"country":"tt","city":"Grange","coordinates":{"lat":"11.1833333","long":"-60.7833333"}},{"country":"tt","city":"Granville","coordinates":{"lat":"10.1166667","long":"-61.8"}},{"country":"tt","city":"Green Hill","coordinates":{"lat":"10.7333333","long":"-61.5666667"}},{"country":"tt","city":"Green Hill","coordinates":{"lat":"11.2","long":"-60.6666667"}},{"country":"tt","city":"Greenhill Village","coordinates":{"lat":"10.7333333","long":"-61.5666667"}},{"country":"tt","city":"Guaico","coordinates":{"lat":"10.5833333","long":"-61.15"}},{"country":"tt","city":"Guaico Tamana","coordinates":{"lat":"10.4833333","long":"-61.15"}},{"country":"tt","city":"Guaico Village","coordinates":{"lat":"10.5833333","long":"-61.15"}},{"country":"tt","city":"Guamal","coordinates":{"lat":"10.75","long":"-61.3666667"}},{"country":"tt","city":"Guanapo","coordinates":{"lat":"10.6","long":"-61.25"}},{"country":"tt","city":"Guapo","coordinates":{"lat":"10.1833333","long":"-61.65"}},{"country":"tt","city":"Guaracara Junction","coordinates":{"lat":"10.3666667","long":"-61.3166667"}},{"country":"tt","city":"Guaracara Junction Village","coordinates":{"lat":"10.3666667","long":"-61.3166667"}},{"country":"tt","city":"Guarata","coordinates":{"lat":"10.6833333","long":"-61.4166667"}},{"country":"tt","city":"Guayaguayare","coordinates":{"lat":"10.1333333","long":"-61.0333333"}},{"country":"tt","city":"Guayaguayare Village","coordinates":{"lat":"10.1333333","long":"-61.0333333"}},{"country":"tt","city":"Gunapo","coordinates":{"lat":"10.6","long":"-61.25"}},{"country":"tt","city":"Hardbargain","coordinates":{"lat":"10.3","long":"-61.3666667"}},{"country":"tt","city":"Hart's Cut","coordinates":{"lat":"10.6833333","long":"-61.6166667"}},{"country":"tt","city":"Hasnalli","coordinates":{"lat":"10.5666667","long":"-61.2"}},{"country":"tt","city":"Hasnally","coordinates":{"lat":"10.5666667","long":"-61.2"}},{"country":"tt","city":"Haswaron","coordinates":{"lat":"10.3","long":"-61.3"}},{"country":"tt","city":"Hermitage","coordinates":{"lat":"11.3166667","long":"-60.5833333"}},{"country":"tt","city":"Hermitage","coordinates":{"lat":"10.2166667","long":"-61.4666667"}},{"country":"tt","city":"Hermitage Village","coordinates":{"lat":"10.2166667","long":"-61.4666667"}},{"country":"tt","city":"Hillsborough","coordinates":{"lat":"11.2166667","long":"-60.6666667"}},{"country":"tt","city":"Hindustan","coordinates":{"lat":"10.2666667","long":"-61.3166667"}},{"country":"tt","city":"Homard","coordinates":{"lat":"10.8166667","long":"-61.0666667"}},{"country":"tt","city":"Homard Village","coordinates":{"lat":"10.8166667","long":"-61.0666667"}},{"country":"tt","city":"Hope","coordinates":{"lat":"11.1833333","long":"-60.7"}},{"country":"tt","city":"Howson","coordinates":{"lat":"10.5166667","long":"-61.1833333"}},{"country":"tt","city":"Icacos","coordinates":{"lat":"10.05","long":"-61.9"}},{"country":"tt","city":"Iere","coordinates":{"lat":"10.2833333","long":"-61.3833333"}},{"country":"tt","city":"Iere Village","coordinates":{"lat":"10.2833333","long":"-61.3833333"}},{"country":"tt","city":"Indian Chain","coordinates":{"lat":"10.4333333","long":"-61.4166667"}},{"country":"tt","city":"Indian Walk","coordinates":{"lat":"10.2666667","long":"-61.3333333"}},{"country":"tt","city":"Irois","coordinates":{"lat":"10.1333333","long":"-61.75"}},{"country":"tt","city":"James Smart","coordinates":{"lat":"10.55","long":"-61.0833333"}},{"country":"tt","city":"James Stewart","coordinates":{"lat":"10.55","long":"-61.0833333"}},{"country":"tt","city":"Jaraysingh","coordinates":{"lat":"10.5333333","long":"-61.1333333"}},{"country":"tt","city":"Jerningham Junction","coordinates":{"lat":"10.55","long":"-61.3833333"}},{"country":"tt","city":"Kelly Junction","coordinates":{"lat":"10.3166667","long":"-61.3666667"}},{"country":"tt","city":"Kelly Village","coordinates":{"lat":"10.5833333","long":"-61.35"}},{"country":"tt","city":"Kilgwyn","coordinates":{"lat":"11.15","long":"-60.8166667"}},{"country":"tt","city":"King's Bay","coordinates":{"lat":"11.2666667","long":"-60.55"}},{"country":"tt","city":"La Basse","coordinates":{"lat":"10.65","long":"-61.5"}},{"country":"tt","city":"La Brea","coordinates":{"lat":"10.25","long":"-61.6166667"}},{"country":"tt","city":"La Brea Village","coordinates":{"lat":"10.25","long":"-61.6166667"}},{"country":"tt","city":"La Carrière","coordinates":{"lat":"10.3166667","long":"-61.45"}},{"country":"tt","city":"La Carrière Village","coordinates":{"lat":"10.3166667","long":"-61.45"}},{"country":"tt","city":"La Finette","coordinates":{"lat":"10.7333333","long":"-61.5166667"}},{"country":"tt","city":"La Lune","coordinates":{"lat":"10.0666667","long":"-61.3333333"}},{"country":"tt","city":"Lambeau","coordinates":{"lat":"11.1666667","long":"-60.75"}},{"country":"tt","city":"L'Anse Noire","coordinates":{"lat":"10.8333333","long":"-60.9666667"}},{"country":"tt","city":"Lapai Village","coordinates":{"lat":"10.6","long":"-61.4"}},{"country":"tt","city":"La Pastora","coordinates":{"lat":"10.7166667","long":"-61.4666667"}},{"country":"tt","city":"La Pastoria","coordinates":{"lat":"10.7","long":"-61.3166667"}},{"country":"tt","city":"La Retraite","coordinates":{"lat":"10.6833333","long":"-61.65"}},{"country":"tt","city":"Las Cuevas","coordinates":{"lat":"10.7833333","long":"-61.3833333"}},{"country":"tt","city":"Las Lomas","coordinates":{"lat":"10.5333333","long":"-61.3166667"}},{"country":"tt","city":"Laventille","coordinates":{"lat":"10.65","long":"-61.4833333"}},{"country":"tt","city":"La Veronica","coordinates":{"lat":"10.7","long":"-61.35"}},{"country":"tt","city":"Lendor","coordinates":{"lat":"10.5166667","long":"-61.4"}},{"country":"tt","city":"Lengua","coordinates":{"lat":"10.25","long":"-61.3666667"}},{"country":"tt","city":"Lengua Village","coordinates":{"lat":"10.25","long":"-61.3666667"}},{"country":"tt","city":"Les Coteaux","coordinates":{"lat":"11.2166667","long":"-61.75"}},{"country":"tt","city":"Libertville","coordinates":{"lat":"10.3","long":"-61.1833333"}},{"country":"tt","city":"Loango","coordinates":{"lat":"10.7166667","long":"-61.4166667"}},{"country":"tt","city":"Longdenville","coordinates":{"lat":"10.5166667","long":"-61.3833333"}},{"country":"tt","city":"Lopinot","coordinates":{"lat":"10.6833333","long":"-61.3166667"}},{"country":"tt","city":"Los Atajos","coordinates":{"lat":"10.4166667","long":"-61.3"}},{"country":"tt","city":"Los Bajos","coordinates":{"lat":"10.1","long":"-61.5666667"}},{"country":"tt","city":"Lothian","coordinates":{"lat":"10.25","long":"-61.3666667"}},{"country":"tt","city":"Lothians","coordinates":{"lat":"10.25","long":"-61.3666667"}},{"country":"tt","city":"Lower Fishing Pond","coordinates":{"lat":"10.5666667","long":"-61.0333333"}},{"country":"tt","city":"Lower Manzanilla","coordinates":{"lat":"10.5166667","long":"-61.05"}},{"country":"tt","city":"Lower Quarter","coordinates":{"lat":"11.2","long":"-60.7666667"}},{"country":"tt","city":"Lower Town","coordinates":{"lat":"11.1666667","long":"-60.7333333"}},{"country":"tt","city":"Lowlands","coordinates":{"lat":"11.15","long":"-60.7833333"}},{"country":"tt","city":"Madras Settlement","coordinates":{"lat":"10.55","long":"-61.3333333"}},{"country":"tt","city":"Mairad Village","coordinates":{"lat":"10.2666667","long":"-61.2666667"}},{"country":"tt","city":"Malabar Settlement","coordinates":{"lat":"10.6166667","long":"-61.2833333"}},{"country":"tt","city":"Mamon","coordinates":{"lat":"10.4666667","long":"-61.15"}},{"country":"tt","city":"Mamoral","coordinates":{"lat":"10.45","long":"-61.2833333"}},{"country":"tt","city":"Mamural","coordinates":{"lat":"10.45","long":"-61.2833333"}},{"country":"tt","city":"Manahambre","coordinates":{"lat":"10.2666667","long":"-61.3833333"}},{"country":"tt","city":"Manahambre Village","coordinates":{"lat":"10.2666667","long":"-61.3833333"}},{"country":"tt","city":"Marabella","coordinates":{"lat":"10.3","long":"-61.45"}},{"country":"tt","city":"Maracas Bay Village","coordinates":{"lat":"10.75","long":"-61.4333333"}},{"country":"tt","city":"Maracas","coordinates":{"lat":"10.6833333","long":"-61.4"}},{"country":"tt","city":"Maracas Village","coordinates":{"lat":"10.6833333","long":"-61.4"}},{"country":"tt","city":"Maraval","coordinates":{"lat":"10.7","long":"-61.5166667"}},{"country":"tt","city":"Mary's Hill","coordinates":{"lat":"11.2","long":"-60.75"}},{"country":"tt","city":"Mason Hall","coordinates":{"lat":"11.2166667","long":"-60.7166667"}},{"country":"tt","city":"Matelot","coordinates":{"lat":"10.8166667","long":"-61.1166667"}},{"country":"tt","city":"Matura","coordinates":{"lat":"10.6666667","long":"-61.0666667"}},{"country":"tt","city":"Maturita","coordinates":{"lat":"10.6333333","long":"-61.2666667"}},{"country":"tt","city":"Mayo","coordinates":{"lat":"10.35","long":"-61.3833333"}},{"country":"tt","city":"Mc Bean","coordinates":{"lat":"10.45","long":"-61.45"}},{"country":"tt","city":"Mc Bean Village","coordinates":{"lat":"10.45","long":"-61.45"}},{"country":"tt","city":"Merchiston","coordinates":{"lat":"11.2666667","long":"-60.5333333"}},{"country":"tt","city":"Mesopotamia","coordinates":{"lat":"11.1833333","long":"-60.6833333"}},{"country":"tt","city":"Mitan","coordinates":{"lat":"10.45","long":"-61.1166667"}},{"country":"tt","city":"Monkey Town","coordinates":{"lat":"10.2","long":"-61.4166667"}},{"country":"tt","city":"Monkey Town Village","coordinates":{"lat":"10.2","long":"-61.4166667"}},{"country":"tt","city":"Mon Plaisir","coordinates":{"lat":"10.5666667","long":"-61.3833333"}},{"country":"tt","city":"Mon Repos","coordinates":{"lat":"10.2666667","long":"-61.45"}},{"country":"tt","city":"Monte Video","coordinates":{"lat":"10.8166667","long":"-61.0333333"}},{"country":"tt","city":"Montgomery","coordinates":{"lat":"11.1833333","long":"-60.7833333"}},{"country":"tt","city":"Montrose","coordinates":{"lat":"10.5166667","long":"-61.4"}},{"country":"tt","city":"Montrose","coordinates":{"lat":"11.2","long":"-60.65"}},{"country":"tt","city":"Montserrat Village","coordinates":{"lat":"10.35","long":"-61.3833333"}},{"country":"tt","city":"Moos","coordinates":{"lat":"10.2666667","long":"-61.2666667"}},{"country":"tt","city":"Moque Point","coordinates":{"lat":"10.0666667","long":"-61.45"}},{"country":"tt","city":"Moriah","coordinates":{"lat":"11.25","long":"-60.7166667"}},{"country":"tt","city":"Moriah Village","coordinates":{"lat":"11.25","long":"-60.7166667"}},{"country":"tt","city":"Morichal","coordinates":{"lat":"10.35","long":"-61.35"}},{"country":"tt","city":"Morne Cabrite","coordinates":{"lat":"10.8","long":"-60.9333333"}},{"country":"tt","city":"Morne Diablo","coordinates":{"lat":"10.1","long":"-61.45"}},{"country":"tt","city":"Morne Quiton","coordinates":{"lat":"11.1833333","long":"-60.7333333"}},{"country":"tt","city":"Moruga","coordinates":{"lat":"10.0833333","long":"-61.2833333"}},{"country":"tt","city":"Moruga Village","coordinates":{"lat":"10.0833333","long":"-61.2833333"}},{"country":"tt","city":"Morvant","coordinates":{"lat":"10.65","long":"-61.4666667"}},{"country":"tt","city":"Mount Dillon River","coordinates":{"lat":"11.2666667","long":"-60.7"}},{"country":"tt","city":"Mount Grace","coordinates":{"lat":"11.1833333","long":"-60.75"}},{"country":"tt","city":"Mount Harris","coordinates":{"lat":"10.5","long":"-61.1166667"}},{"country":"tt","city":"Mount Pleasant","coordinates":{"lat":"10.7166667","long":"-61.6166667"}},{"country":"tt","city":"Mount Pleasant","coordinates":{"lat":"11.15","long":"-60.8"}},{"country":"tt","city":"Mount Saint George","coordinates":{"lat":"11.2","long":"-60.6833333"}},{"country":"tt","city":"Mount Saint George Village","coordinates":{"lat":"11.2","long":"-60.6833333"}},{"country":"tt","city":"Mount Stewart","coordinates":{"lat":"10.2833333","long":"-61.4"}},{"country":"tt","city":"Mount Stewart Village","coordinates":{"lat":"10.2833333","long":"-61.4"}},{"country":"tt","city":"Mount Thomas","coordinates":{"lat":"11.2333333","long":"-60.7333333"}},{"country":"tt","city":"Mucurapo","coordinates":{"lat":"10.6666667","long":"-61.5333333"}},{"country":"tt","city":"Mundo Nuevo","coordinates":{"lat":"10.4666667","long":"-61.25"}},{"country":"tt","city":"Nancoo Village","coordinates":{"lat":"10.55","long":"-61.3166667"}},{"country":"tt","city":"Naranjo","coordinates":{"lat":"10.7833333","long":"-60.9833333"}},{"country":"tt","city":"Navet","coordinates":{"lat":"10.35","long":"-61.1666667"}},{"country":"tt","city":"Nestor","coordinates":{"lat":"10.5166667","long":"-61.15"}},{"country":"tt","city":"New Grant","coordinates":{"lat":"10.2833333","long":"-61.3166667"}},{"country":"tt","city":"New Jersey","coordinates":{"lat":"10.2333333","long":"-61.6333333"}},{"country":"tt","city":"Noire Bay","coordinates":{"lat":"10.8333333","long":"-60.9666667"}},{"country":"tt","city":"North Manzanilla","coordinates":{"lat":"10.5166667","long":"-61.0333333"}},{"country":"tt","city":"Nutmeg Grove","coordinates":{"lat":"11.2333333","long":"-60.7"}},{"country":"tt","city":"Ogis","coordinates":{"lat":"10.55","long":"-61.1333333"}},{"country":"tt","city":"Orange Hill","coordinates":{"lat":"11.1833333","long":"-60.7666667"}},{"country":"tt","city":"Orange Valley","coordinates":{"lat":"10.45","long":"-61.4833333"}},{"country":"tt","city":"Orange Valley Village","coordinates":{"lat":"10.45","long":"-61.4833333"}},{"country":"tt","city":"Oropuche","coordinates":{"lat":"10.6","long":"-61.1"}},{"country":"tt","city":"Oropuche","coordinates":{"lat":"10.2166667","long":"-61.5333333"}},{"country":"tt","city":"Ortinola","coordinates":{"lat":"10.7","long":"-61.3166667"}},{"country":"tt","city":"Ouplay","coordinates":{"lat":"10.3833333","long":"-61.45"}},{"country":"tt","city":"Palmyra","coordinates":{"lat":"10.2833333","long":"-61.4166667"}},{"country":"tt","city":"Palmyra Village","coordinates":{"lat":"10.2833333","long":"-61.4166667"}},{"country":"tt","city":"Palo Seco","coordinates":{"lat":"10.0833333","long":"-61.5833333"}},{"country":"tt","city":"Palo Seco Village","coordinates":{"lat":"10.0833333","long":"-61.5833333"}},{"country":"tt","city":"Paradise","coordinates":{"lat":"10.65","long":"-61.3666667"}},{"country":"tt","city":"Parlatuvier","coordinates":{"lat":"11.3","long":"-60.65"}},{"country":"tt","city":"Parrot Hall","coordinates":{"lat":"11.3","long":"-60.6666667"}},{"country":"tt","city":"Parry Lands","coordinates":{"lat":"10.1833333","long":"-61.6166667"}},{"country":"tt","city":"Patience Hill","coordinates":{"lat":"11.1833333","long":"-60.7666667"}},{"country":"tt","city":"Pembroke","coordinates":{"lat":"11.2166667","long":"-60.6166667"}},{"country":"tt","city":"Peñal","coordinates":{"lat":"10.1666667","long":"-61.4666667"}},{"country":"tt","city":"Peñal Village","coordinates":{"lat":"10.1666667","long":"-61.4666667"}},{"country":"tt","city":"Pepper","coordinates":{"lat":"10.4","long":"-61.35"}},{"country":"tt","city":"Pepper Village","coordinates":{"lat":"10.4","long":"-61.35"}},{"country":"tt","city":"Peru","coordinates":{"lat":"10.6666667","long":"-61.5333333"}},{"country":"tt","city":"Peters","coordinates":{"lat":"10.5","long":"-61.15"}},{"country":"tt","city":"Petit Bourg","coordinates":{"lat":"10.65","long":"-61.45"}},{"country":"tt","city":"Petit Trou","coordinates":{"lat":"10.8333333","long":"-60.9333333"}},{"country":"tt","city":"Petit Trou Village","coordinates":{"lat":"10.8333333","long":"-60.9333333"}},{"country":"tt","city":"Petit Valley","coordinates":{"lat":"10.7","long":"-61.5333333"}},{"country":"tt","city":"Phoenix Park","coordinates":{"lat":"10.3833333","long":"-61.4333333"}},{"country":"tt","city":"Piarco","coordinates":{"lat":"10.5833333","long":"-61.3333333"}},{"country":"tt","city":"Piarco Savanna Village","coordinates":{"lat":"10.5833333","long":"-61.3333333"}},{"country":"tt","city":"Pierreville","coordinates":{"lat":"10.3","long":"-61.0166667"}},{"country":"tt","city":"Piparo","coordinates":{"lat":"10.3333333","long":"-61.3333333"}},{"country":"tt","city":"Piparo Settlement","coordinates":{"lat":"10.3333333","long":"-61.3333333"}},{"country":"tt","city":"Plaisance","coordinates":{"lat":"10.2833333","long":"-61.0"}},{"country":"tt","city":"Plaisance","coordinates":{"lat":"10.2333333","long":"-61.5"}},{"country":"tt","city":"Platanal","coordinates":{"lat":"10.7333333","long":"-61.15"}},{"country":"tt","city":"Pluck","coordinates":{"lat":"10.1666667","long":"-61.5"}},{"country":"tt","city":"Plum Mitan","coordinates":{"lat":"10.45","long":"-61.1166667"}},{"country":"tt","city":"Plum Mitan Settlement","coordinates":{"lat":"10.45","long":"-61.1166667"}},{"country":"tt","city":"Plum","coordinates":{"lat":"10.5","long":"-61.0666667"}},{"country":"tt","city":"Plymouth","coordinates":{"lat":"11.2166667","long":"-60.7833333"}},{"country":"tt","city":"Pointe-à-Pierre","coordinates":{"lat":"10.3166667","long":"-61.4666667"}},{"country":"tt","city":"Point Fortin","coordinates":{"lat":"10.1833333","long":"-61.6833333"}},{"country":"tt","city":"Point Ligoure","coordinates":{"lat":"10.1666667","long":"-61.6666667"}},{"country":"tt","city":"Poole","coordinates":{"lat":"10.3","long":"-61.2333333"}},{"country":"tt","city":"Poole","coordinates":{"lat":"10.45","long":"-61.1166667"}},{"country":"tt","city":"Port-au-Spain","coordinates":{"lat":"10.65","long":"-61.5166667"}},{"country":"tt","city":"Port Louis","coordinates":{"lat":"11.1833333","long":"-60.7333333"}},{"country":"tt","city":"Port-of-Spain","coordinates":{"lat":"10.65","long":"-61.5166667"}},{"country":"tt","city":"Preau","coordinates":{"lat":"10.2","long":"-61.3166667"}},{"country":"tt","city":"Preau Village","coordinates":{"lat":"10.2","long":"-61.3166667"}},{"country":"tt","city":"Preysal","coordinates":{"lat":"10.4166667","long":"-61.4"}},{"country":"tt","city":"Princess Town","coordinates":{"lat":"10.2666667","long":"-61.3833333"}},{"country":"tt","city":"Princes Town","coordinates":{"lat":"10.2666667","long":"-61.3833333"}},{"country":"tt","city":"Prospect","coordinates":{"lat":"11.1666667","long":"-60.7833333"}},{"country":"tt","city":"Providence","coordinates":{"lat":"11.2","long":"-60.7333333"}},{"country":"tt","city":"Quarry Village","coordinates":{"lat":"10.1333333","long":"-61.5333333"}},{"country":"tt","city":"Rambert","coordinates":{"lat":"10.2333333","long":"-61.4666667"}},{"country":"tt","city":"Rambert Village","coordinates":{"lat":"10.2333333","long":"-61.4666667"}},{"country":"tt","city":"Rampanagas Village","coordinates":{"lat":"10.7333333","long":"-60.9833333"}},{"country":"tt","city":"Rampanalgas","coordinates":{"lat":"10.7333333","long":"-60.9833333"}},{"country":"tt","city":"Ravin Anglais","coordinates":{"lat":"10.7833333","long":"-60.95"}},{"country":"tt","city":"Redhead","coordinates":{"lat":"10.7833333","long":"-60.95"}},{"country":"tt","city":"Redhead Village","coordinates":{"lat":"10.7833333","long":"-60.95"}},{"country":"tt","city":"Red Hill","coordinates":{"lat":"10.6166667","long":"-61.3166667"}},{"country":"tt","city":"Reform","coordinates":{"lat":"10.3","long":"-61.4166667"}},{"country":"tt","city":"Riche Plaine","coordinates":{"lat":"10.7166667","long":"-61.5666667"}},{"country":"tt","city":"Richmond","coordinates":{"lat":"11.2166667","long":"-60.6166667"}},{"country":"tt","city":"Rio Claro","coordinates":{"lat":"10.3","long":"-61.1833333"}},{"country":"tt","city":"Riseland","coordinates":{"lat":"11.1666667","long":"-60.7833333"}},{"country":"tt","city":"Riversdale","coordinates":{"lat":"11.2833333","long":"-60.6833333"}},{"country":"tt","city":"Robert","coordinates":{"lat":"10.2666667","long":"-61.2833333"}},{"country":"tt","city":"Rocky Vale","coordinates":{"lat":"11.1833333","long":"-60.7333333"}},{"country":"tt","city":"Roselle","coordinates":{"lat":"11.2","long":"-60.7666667"}},{"country":"tt","city":"Roussillac","coordinates":{"lat":"10.2166667","long":"-61.5833333"}},{"country":"tt","city":"Roussillac Settlement","coordinates":{"lat":"10.2166667","long":"-61.5833333"}},{"country":"tt","city":"Roxborough","coordinates":{"lat":"11.25","long":"-60.5833333"}},{"country":"tt","city":"Roxborough Village","coordinates":{"lat":"11.25","long":"-60.5833333"}},{"country":"tt","city":"Runnemede","coordinates":{"lat":"11.25","long":"-60.7"}},{"country":"tt","city":"Runnymede","coordinates":{"lat":"11.25","long":"-60.7"}},{"country":"tt","city":"Rushville","coordinates":{"lat":"10.1166667","long":"-61.05"}},{"country":"tt","city":"Sadhoowa","coordinates":{"lat":"10.1333333","long":"-61.4333333"}},{"country":"tt","city":"Sagre Chiquita","coordinates":{"lat":"10.5666667","long":"-61.1"}},{"country":"tt","city":"Saint Andrew","coordinates":{"lat":"10.4166667","long":"-61.4666667"}},{"country":"tt","city":"Saint Ann's","coordinates":{"lat":"10.6666667","long":"-61.5166667"}},{"country":"tt","city":"Saint Augustine","coordinates":{"lat":"10.65","long":"-61.4"}},{"country":"tt","city":"Saint Clair","coordinates":{"lat":"10.6666667","long":"-61.5166667"}},{"country":"tt","city":"Saint Croix","coordinates":{"lat":"10.25","long":"-61.3666667"}},{"country":"tt","city":"Sainte Croix","coordinates":{"lat":"10.25","long":"-61.3666667"}},{"country":"tt","city":"Sainte Croix Village","coordinates":{"lat":"10.25","long":"-61.3666667"}},{"country":"tt","city":"Saint Elizabeth","coordinates":{"lat":"10.6833333","long":"-61.5"}},{"country":"tt","city":"Sainte Madeleine","coordinates":{"lat":"10.2666667","long":"-61.4333333"}},{"country":"tt","city":"Sainte Madeleine Village","coordinates":{"lat":"10.2666667","long":"-61.4333333"}},{"country":"tt","city":"Saint Helena","coordinates":{"lat":"10.5833333","long":"-61.3333333"}},{"country":"tt","city":"Saint James","coordinates":{"lat":"10.6666667","long":"-61.5166667"}},{"country":"tt","city":"Saint John","coordinates":{"lat":"10.2333333","long":"-61.4166667"}},{"country":"tt","city":"Saint John Village","coordinates":{"lat":"10.2333333","long":"-61.4166667"}},{"country":"tt","city":"Saint Joseph","coordinates":{"lat":"10.3166667","long":"-60.9833333"}},{"country":"tt","city":"Saint Joseph","coordinates":{"lat":"10.65","long":"-61.4166667"}},{"country":"tt","city":"Saint Joseph","coordinates":{"lat":"10.2833333","long":"-61.45"}},{"country":"tt","city":"Saint Joseph Village","coordinates":{"lat":"10.2833333","long":"-61.45"}},{"country":"tt","city":"Saint Julien","coordinates":{"lat":"10.2666667","long":"-61.35"}},{"country":"tt","city":"Saint Julien Village","coordinates":{"lat":"10.2666667","long":"-61.35"}},{"country":"tt","city":"Saint Madeleine","coordinates":{"lat":"10.2666667","long":"-61.4333333"}},{"country":"tt","city":"Saint Madeleine Village","coordinates":{"lat":"10.2666667","long":"-61.4333333"}},{"country":"tt","city":"Saint Margaret","coordinates":{"lat":"10.25","long":"-61.0"}},{"country":"tt","city":"Saint Margaret","coordinates":{"lat":"10.3333333","long":"-61.45"}},{"country":"tt","city":"Saint Margaret Village","coordinates":{"lat":"10.3333333","long":"-61.45"}},{"country":"tt","city":"Saint Marys","coordinates":{"lat":"10.45","long":"-61.4166667"}},{"country":"tt","city":"Saint Mary's","coordinates":{"lat":"10.2166667","long":"-61.5333333"}},{"country":"tt","city":"Saint Mary's Village","coordinates":{"lat":"10.2166667","long":"-61.5333333"}},{"country":"tt","city":"Saint Pierre","coordinates":{"lat":"10.6833333","long":"-61.6"}},{"country":"tt","city":"Saint Pierre Village","coordinates":{"lat":"10.6833333","long":"-61.6"}},{"country":"tt","city":"Saint Thomas","coordinates":{"lat":"10.5166667","long":"-61.4166667"}},{"country":"tt","city":"Saint Thomas Village","coordinates":{"lat":"10.5166667","long":"-61.4166667"}},{"country":"tt","city":"Salibea","coordinates":{"lat":"10.7","long":"-61.0333333"}},{"country":"tt","city":"Salibia Village","coordinates":{"lat":"10.7","long":"-61.0333333"}},{"country":"tt","city":"Salybia","coordinates":{"lat":"10.7","long":"-61.0333333"}},{"country":"tt","city":"San Fernando","coordinates":{"lat":"10.2833333","long":"-61.4666667"}},{"country":"tt","city":"San Francique","coordinates":{"lat":"10.0666667","long":"-61.6666667"}},{"country":"tt","city":"San Francisco Settlement","coordinates":{"lat":"10.4333333","long":"-61.4"}},{"country":"tt","city":"Sangre Chiquita","coordinates":{"lat":"10.5666667","long":"-61.1"}},{"country":"tt","city":"Sangre Grande Oropuche","coordinates":{"lat":"10.5833333","long":"-61.0666667"}},{"country":"tt","city":"Sangre Grande","coordinates":{"lat":"10.5666667","long":"-61.1333333"}},{"country":"tt","city":"Sangre Grande Station","coordinates":{"lat":"10.5833333","long":"-61.1166667"}},{"country":"tt","city":"Sangre Grande Town","coordinates":{"lat":"10.5833333","long":"-61.1166667"}},{"country":"tt","city":"Sangre Grand","coordinates":{"lat":"10.5833333","long":"-61.1166667"}},{"country":"tt","city":"San Juan","coordinates":{"lat":"10.65","long":"-61.45"}},{"country":"tt","city":"San Rafael","coordinates":{"lat":"10.5666667","long":"-61.2666667"}},{"country":"tt","city":"San Rafael Village","coordinates":{"lat":"10.5666667","long":"-61.2666667"}},{"country":"tt","city":"Sans Souci","coordinates":{"lat":"10.8333333","long":"-61.0"}},{"country":"tt","city":"Santa Cruz","coordinates":{"lat":"10.7166667","long":"-61.4666667"}},{"country":"tt","city":"Scarborough","coordinates":{"lat":"11.1833333","long":"-60.7333333"}},{"country":"tt","city":"Shirvan","coordinates":{"lat":"11.15","long":"-60.8"}},{"country":"tt","city":"Shore Park","coordinates":{"lat":"11.25","long":"-60.5333333"}},{"country":"tt","city":"Sierra Leone","coordinates":{"lat":"10.7","long":"-61.55"}},{"country":"tt","city":"Siparia","coordinates":{"lat":"10.1333333","long":"-61.5"}},{"country":"tt","city":"Siparia Village","coordinates":{"lat":"10.1333333","long":"-61.5"}},{"country":"tt","city":"Sixth Company","coordinates":{"lat":"10.25","long":"-61.35"}},{"country":"tt","city":"Sixth Company Village","coordinates":{"lat":"10.25","long":"-61.35"}},{"country":"tt","city":"South Oropouche","coordinates":{"lat":"10.2166667","long":"-61.55"}},{"country":"tt","city":"Speyside","coordinates":{"lat":"11.3","long":"-60.5333333"}},{"country":"tt","city":"Speyside Village","coordinates":{"lat":"11.3","long":"-60.5333333"}},{"country":"tt","city":"Spring","coordinates":{"lat":"10.4166667","long":"-61.4166667"}},{"country":"tt","city":"Spring Vale","coordinates":{"lat":"10.3833333","long":"-61.45"}},{"country":"tt","city":"Spring Village","coordinates":{"lat":"10.4166667","long":"-61.4166667"}},{"country":"tt","city":"Starwood","coordinates":{"lat":"11.3166667","long":"-60.5333333"}},{"country":"tt","city":"Studley Park","coordinates":{"lat":"11.1833333","long":"-60.6666667"}},{"country":"tt","city":"Success","coordinates":{"lat":"10.65","long":"-61.4833333"}},{"country":"tt","city":"Sum Sum Hill","coordinates":{"lat":"10.3666667","long":"-61.4333333"}},{"country":"tt","city":"Tabaquite","coordinates":{"lat":"10.3833333","long":"-61.3"}},{"country":"tt","city":"Tabaquite Village","coordinates":{"lat":"10.3833333","long":"-61.3"}},{"country":"tt","city":"Tableland","coordinates":{"lat":"10.2666667","long":"-61.2666667"}},{"country":"tt","city":"Tacarigua","coordinates":{"lat":"10.6333333","long":"-61.3666667"}},{"country":"tt","city":"Talparo","coordinates":{"lat":"10.5","long":"-61.2666667"}},{"country":"tt","city":"The Mission","coordinates":{"lat":"10.8333333","long":"-60.95"}},{"country":"tt","city":"The Whim","coordinates":{"lat":"11.2","long":"-60.75"}},{"country":"tt","city":"Thick","coordinates":{"lat":"10.1666667","long":"-61.5166667"}},{"country":"tt","city":"Third Company","coordinates":{"lat":"10.25","long":"-61.3333333"}},{"country":"tt","city":"Toco","coordinates":{"lat":"10.8333333","long":"-60.95"}},{"country":"tt","city":"Todds Road","coordinates":{"lat":"10.4666667","long":"-61.3333333"}},{"country":"tt","city":"Tortuga","coordinates":{"lat":"10.3666667","long":"-61.4"}},{"country":"tt","city":"Town of Arima","coordinates":{"lat":"10.6333333","long":"-61.2833333"}},{"country":"tt","city":"Trois Rivieres","coordinates":{"lat":"11.2833333","long":"-60.5333333"}},{"country":"tt","city":"Tulls","coordinates":{"lat":"10.6166667","long":"-61.4"}},{"country":"tt","city":"Tunapuna","coordinates":{"lat":"10.6333333","long":"-61.3833333"}},{"country":"tt","city":"Tunapuna Village","coordinates":{"lat":"10.6333333","long":"-61.3833333"}},{"country":"tt","city":"Tyson Hall","coordinates":{"lat":"11.15","long":"-60.8166667"}},{"country":"tt","city":"Union","coordinates":{"lat":"11.1833333","long":"-60.75"}},{"country":"tt","city":"Union","coordinates":{"lat":"10.35","long":"-61.4333333"}},{"country":"tt","city":"Union Village","coordinates":{"lat":"10.35","long":"-61.4333333"}},{"country":"tt","city":"Unis","coordinates":{"lat":"10.3166667","long":"-61.2666667"}},{"country":"tt","city":"Upper Carapichima","coordinates":{"lat":"10.4333333","long":"-61.4"}},{"country":"tt","city":"Upper Fishing Pond","coordinates":{"lat":"10.5833333","long":"-61.05"}},{"country":"tt","city":"Upper Manzanilla","coordinates":{"lat":"10.5166667","long":"-61.0666667"}},{"country":"tt","city":"Usine","coordinates":{"lat":"10.2166667","long":"-61.4833333"}},{"country":"tt","city":"Valencia","coordinates":{"lat":"10.65","long":"-61.2"}},{"country":"tt","city":"Valencia Village","coordinates":{"lat":"10.65","long":"-61.2"}},{"country":"tt","city":"Valsayn","coordinates":{"lat":"10.65","long":"-61.4166667"}},{"country":"tt","city":"Vance River","coordinates":{"lat":"10.2","long":"-61.6333333"}},{"country":"tt","city":"Verdant Vale","coordinates":{"lat":"10.6833333","long":"-61.2833333"}},{"country":"tt","city":"Veronica Village","coordinates":{"lat":"10.7","long":"-61.35"}},{"country":"tt","city":"Vessigny","coordinates":{"lat":"10.2166667","long":"-61.6333333"}},{"country":"tt","city":"Victoria","coordinates":{"lat":"10.25","long":"-61.45"}},{"country":"tt","city":"Victoria Village","coordinates":{"lat":"10.25","long":"-61.45"}},{"country":"tt","city":"Vistabella Village","coordinates":{"lat":"10.2833333","long":"-61.45"}},{"country":"tt","city":"Vista Bella","coordinates":{"lat":"10.2833333","long":"-61.45"}},{"country":"tt","city":"Warners Village","coordinates":{"lat":"10.5666667","long":"-61.4166667"}},{"country":"tt","city":"Warners","coordinates":{"lat":"10.5666667","long":"-61.4166667"}},{"country":"tt","city":"Warren","coordinates":{"lat":"10.5833333","long":"-61.4"}},{"country":"tt","city":"Waterloo","coordinates":{"lat":"10.4666667","long":"-61.4666667"}},{"country":"tt","city":"Williamsville Station","coordinates":{"lat":"10.3","long":"-61.3833333"}},{"country":"tt","city":"Williamsville","coordinates":{"lat":"10.3","long":"-61.3833333"}},{"country":"tt","city":"Windsor","coordinates":{"lat":"11.2","long":"-60.65"}},{"country":"tt","city":"Woodbrook","coordinates":{"lat":"10.65","long":"-61.5333333"}},{"country":"tt","city":"Woodlands Village","coordinates":{"lat":"10.25","long":"-61.4"}},{"country":"tt","city":"Woodlands","coordinates":{"lat":"11.25","long":"-60.7166667"}},{"country":"tt","city":"Woodlands","coordinates":{"lat":"10.25","long":"-61.4"}},{"country":"tt","city":"Woodland","coordinates":{"lat":"10.2","long":"-61.4833333"}},{"country":"tt","city":"Zion Hill","coordinates":{"lat":"11.2333333","long":"-60.6166667"}}]